,skill_consistency,expertise_protection,controversy_index,participation_value,overall_fairness
New System,0.5330986768366861,0.6238805970149254,0.9212814797143155,0.5999352927338002,0.6521650591764195
Old System,0.5330986768366861,0.6656716417910448,0.9212814797143155,0.6026644085599309,0.6652481957744815
