feature,importance
active_weeks,0.9404765946953761
score_trend,0.034776843007085126
age,0.017139051145935887
industry_encoded,0.005563830534500717
country_encoded,0.0012308255664750577
age_young,0.0006426434978043846
age_mature,0.00014186286399327203
age_middle,2.8348688829329006e-05
