feature,coefficient
active_weeks,2.586889056554031
age,-0.27105466594644984
industry_encoded,-0.1720118118381907
score_trend,0.06399346551444095
age_young,0.05851395677335075
age_mature,-0.03684819583897331
age_middle,-0.018812934881378487
country_encoded,0.013795228996961593
