config,fair_rate,fair_count,controversial_count,total
粉丝主导,91.35802469135803,296,28,324
粉丝偏重,91.9753086419753,298,26,324
平衡权重,92.5925925925926,300,24,324
评委偏重,93.51851851851852,303,21,324
评委主导,93.20987654320987,302,22,324
